contour_id,x,y
0,999.0,100.57295723831291
0,998.0,100.59939022901077
0,997.0,100.6481779946024
0,996.0,100.67556062829857
0,995.0,100.67051704426052
0,994.0,100.64885416147308
0,993.0,100.60836051396669
0,992.0,100.59154122665029
0,991.0,100.60200133120888
0,990.0,100.61406711469533
0,989.0,100.61685927800566
0,988.0,100.60817255735728
0,987.0,100.62094973664992
0,986.0,100.61853657448567
0,985.0,100.64476813843724
0,984.0,100.70927513003231
0,983.0,100.67849925821588
0,982.0,100.60374431339508
0,981.0,100.5821289980813
0,980.0,100.56332670803894
0,979.0,100.54361021322116
0,978.0,100.56179006331072
0,977.0,100.6215064871581
0,976.0,100.69229255162517
0,975.0,100.69886174942748
0,974.0,100.65903497700073
0,973.0,100.62835971613511
0,972.0,100.63030059559642
0,971.0,100.67048338270766
0,970.0,100.6950432079533
0,969.0,100.66642773452743
0,968.0,100.61282995265897
0,967.0,100.59933665486427
0,966.0,100.63620067823143
0,965.0,100.68023044569965
0,964.0,100.7087897222315
0,963.0,100.71401994277056
0,962.0,100.68469133360384
0,961.0,100.68173369845333
0,960.0,100.69824237130189
0,959.0,100.6782712426057
0,958.0,100.67495829960019
0,957.0,100.71966684784725
0,956.0,100.73433436484105
0,955.0,100.68477822310594
0,954.0,100.63560819331371
0,953.0,100.57755431187569
0,952.0,100.53876644253214
0,951.0,100.51739554553164
0,950.0,100.5121273020987
0,949.0,100.53955033426193
0,948.0,100.56641085090446
0,947.0,100.54771717400959
0,946.0,100.5553939474025
0,945.0,100.62711538347072
0,944.0,100.69032968101831
0,943.0,100.73585614310922
0,942.0,100.78688707143789
0,941.0,100.74485197948145
0,940.0,100.68262980545045
0,939.0,100.63682511042268
0,938.0,100.6035838141711
0,937.0,100.60560288462835
0,936.0,100.62529538818836
0,935.0,100.64419110791674
0,934.0,100.67433316156658
0,933.0,100.6759966581433
0,932.0,100.62319016518543
0,931.0,100.61191382209536
0,930.0,100.63008046701113
0,929.0,100.63619929232964
0,928.0,100.63286547117777
0,927.0,100.61557070786968
0,926.0,100.58995111500566
0,925.0,100.59051098629999
0,924.0,100.64020234091856
0,923.0,100.69798134915234
0,922.0,100.67867094280484
0,921.0,100.61622370289183
0,920.0,100.59959790871159
0,919.0,100.6349082031627
0,918.0,100.66365353130506
0,917.0,100.63409940287046
0,916.0,100.59456650187569
0,915.0,100.61640830223189
0,914.0,100.65369954930604
0,913.0,100.63140011536588
0,912.0,100.5662961123849
0,911.0,100.56170009240871
0,910.0,100.64368511202517
0,909.0,100.70446639908042
0,908.0,100.67889237168168
0,907.0,100.6600497327391
0,906.0,100.64335379035944
0,905.0,100.59819270391938
0,904.0,100.54720889187546
0,903.0,100.54361021322116
0,902.0,100.5780975785876
0,901.0,100.60387628617356
0,900.0,100.63647926979488
0,899.0,100.66235682841409
0,898.0,100.65099722288299
0,897.0,100.62722616855868
0,896.0,100.62410227191309
0,895.0,100.63966200812209
0,894.0,100.63325551700483
0,893.0,100.62174438224207
0,892.0,100.63393581909057
0,891.0,100.6386132086905
0,890.0,100.59290056796803
0,889.0,100.57607901857578
0,888.0,100.58914647379018
0,887.0,100.60526296694192
0,886.0,100.65310408336627
0,885.0,100.66405110347652
0,884.0,100.61944298091628
0,883.0,100.6233125529314
0,882.0,100.63743997211263
0,881.0,100.60761366712613
0,880.0,100.59432159726968
0,879.0,100.62227568511216
0,878.0,100.68250258620222
0,877.0,100.70922210101305
0,876.0,100.64189231454722
0,875.0,100.64197168306536
0,874.0,100.70766314073067
0,873.0,100.69762046709565
0,872.0,100.6362882709585
0,871.0,100.5688692317306
0,870.0,100.54745377273076
0,869.0,100.57588380884728
0,868.0,100.61962014623884
0,867.0,100.66789812456564
0,866.0,100.71951613209677
0,865.0,100.71958831148794
0,864.0,100.64862049704487
0,863.0,100.58870689272565
0,862.0,100.59840973084259
0,861.0,100.63436759158981
0,860.0,100.64005096568728
0,859.0,100.64990291276229
0,858.0,100.6647706618837
0,857.0,100.65050360057343
0,856.0,100.61894331026716
0,855.0,100.58383556431588
0,854.0,100.55564704097058
0,853.0,100.5480443615001
0,852.0,100.57079644188154
0,851.0,100.60893125755766
0,850.0,100.64609069725671
0,849.0,100.65081221574535
0,848.0,100.64045023663004
0,847.0,100.63319340516907
0,846.0,100.61541137140217
0,845.0,100.58776964762554
0,844.0,100.57813703791751
0,843.0,100.60453400226852
0,842.0,100.645358837217
0,841.0,100.66224403460822
0,840.0,100.689456265131
0,839.0,100.70268561673673
0,838.0,100.65241702258113
0,837.0,100.62289132334162
0,836.0,100.62151309741502
0,835.0,100.61080131895827
0,834.0,100.57326775622187
0,833.0,100.56518956559921
0,832.0,100.60448650360527
0,831.0,100.65771962443539
0,830.0,100.65962442259908
0,829.0,100.62716349547496
0,828.0,100.66368221908405
0,827.0,100.74412941532803
0,826.0,100.79607057138081
0,825.0,100.84726951391308
0,824.0,100.7951568878876
0,823.0,100.7389286484507
0,822.0,100.71154293270558
0,821.0,100.63739082300006
0,820.0,100.57163231059234
0,819.0,100.57845337768494
0,818.0,100.62539620062884
0,817.0,100.64440338080226
0,816.0,100.62961723014891
0,815.0,100.64476202430521
0,814.0,100.67752380312068
0,813.0,100.66985528852798
0,812.0,100.64040445460871
0,811.0,100.62971223981268
0,810.0,100.65015646173114
0,809.0,100.71479042676003
0,808.0,100.71583115290939
0,807.0,100.64160712690395
0,806.0,100.57666042586094
0,805.0,100.58030540970226
0,804.0,100.6294457810688
0,803.0,100.66171849698853
0,802.0,100.65097239016525
0,801.0,100.62706881807003
0,800.0,100.62233347072628
0,799.0,100.63383349045982
0,798.0,100.64131050696538
0,797.0,100.6893731566119
0,796.0,100.73729454610067
0,795.0,100.70153701706128
0,794.0,100.64607978228851
0,793.0,100.6164588086704
0,792.0,100.58755925954063
0,791.0,100.60787236312392
0,790.0,100.67217195788622
0,789.0,100.70424442775875
0,788.0,100.67245986340296
0,787.0,100.62841125573729
0,786.0,100.58612408700488
0,785.0,100.55598337307447
0,784.0,100.55633700643176
0,783.0,100.5820830562265
0,782.0,100.62907464078366
0,781.0,100.62188974736969
0,780.0,100.5710967845055
0,779.0,100.56034415436486
0,778.0,100.58979341806696
0,777.0,100.64561090275942
0,776.0,100.69741516106973
0,775.0,100.70291398627684
0,774.0,100.69795799780739
0,773.0,100.70185433652888
0,772.0,100.67316555424532
0,771.0,100.64080003539188
0,770.0,100.61635585828799
0,769.0,100.59159757767554
0,768.0,100.59595041408932
0,767.0,100.64443062955374
0,766.0,100.70946847331571
0,765.0,100.70685957891473
0,764.0,100.62530389536187
0,763.0,100.59241653804715
0,762.0,100.60835318868295
0,761.0,100.60853689702124
0,760.0,100.59656608470944
0,759.0,100.60538152362122
0,758.0,100.62081458527804
0,757.0,100.65214655186756
0,756.0,100.66733691917614
0,755.0,100.69421061798096
0,754.0,100.70789332954303
0,753.0,100.6787531434539
0,752.0,100.63477487627817
0,751.0,100.63466073436284
0,750.0,100.6544102183286
0,749.0,100.61793850966713
0,748.0,100.58310489387685
0,747.0,100.59265853192314
0,746.0,100.61236218508753
0,745.0,100.61247633395037
0,744.0,100.61684026481653
0,743.0,100.60973459942403
0,742.0,100.57823359759276
0,741.0,100.55622124856978
0,740.0,100.55780739510205
0,739.0,100.56075710907785
0,738.0,100.54973027688054
0,737.0,100.54001104018793
0,736.0,100.55320902438301
0,735.0,100.56086206600986
0,734.0,100.55969874225414
0,733.0,100.599803107832
0,732.0,100.6923761117645
0,731.0,100.78299842833773
0,730.0,100.76567250938629
0,729.0,100.691766062698
0,728.0,100.66355722105652
0,727.0,100.65868677401025
0,726.0,100.61157408760629
0,725.0,100.54809466764468
0,724.0,100.54155390961533
0,723.0,100.61022500761385
0,722.0,100.66388591321574
0,721.0,100.63321182015753
0,720.0,100.6393121752057
0,719.0,100.66667658928304
0,718.0,100.62355984794321
0,717.0,100.56540734049513
0,716.0,100.5587149089663
0,715.0,100.58903300556662
0,714.0,100.63791285002404
0,713.0,100.66300737015916
0,712.0,100.64353979346483
0,711.0,100.61138760581149
0,710.0,100.5584985459891
0,709.0,100.54250859001104
0,708.0,100.58673540862523
0,707.0,100.65114699410191
0,706.0,100.70338628293963
0,705.0,100.72104405635457
0,704.0,100.73126276572334
0,703.0,100.75554414132158
0,702.0,100.74870705819708
0,701.0,100.69328798628638
0,700.0,100.6619508366934
0,699.0,100.6532000083209
0,698.0,100.63879388827098
0,697.0,100.62688770498177
0,696.0,100.58974853765716
0,695.0,100.62509552244012
0,694.1568460227948,101.0
0,694.0,101.14632932987568
0,693.5974358595706,102.0
0,693.50964995286,103.0
0,693.5004848707401,104.0
0,693.5000096367598,105.0
0,693.5000000373516,106.0
0,693.5000000373516,107.0
0,693.5000000373516,108.0
0,693.5000000373516,109.0
0,693.5000000373516,110.0
0,693.5000000373516,111.0
0,693.4999097546282,112.0
0,693.4968974653387,113.0
0,693.4591080563933,114.0
0,693.2659066357938,115.0
0,693.0,115.64557480483695
0,692.8467858509774,116.0
0,692.6020088993331,117.0
0,692.5531406263018,118.0
0,692.5427484814401,119.0
0,692.5195055187052,120.0
0,692.5072495189653,121.0
0,692.5159667223743,122.0
0,692.5259714625982,123.0
0,692.5156774855741,124.0
0,692.5037613094678,125.0
0,692.5037613094678,126.0
0,692.5156774855741,127.0
0,692.525962648526,128.0
0,692.5156687238725,129.0
0,692.5034754934497,130.0
0,692.5002848827453,131.0
0,692.5000086655994,132.0
0,692.5000000373516,133.0
0,692.5000000373516,134.0
0,692.5000000373516,135.0
0,692.5000000373516,136.0
0,692.5000000373516,137.0
0,692.5000000373516,138.0
0,692.5000000373516,139.0
0,692.5000000373516,140.0
0,692.4999011256289,141.0
0,692.4966117163834,142.0
0,692.4554828822945,143.0
0,692.2460504990817,144.0
0,692.0,144.56634971442978
0,691.8072279153834,145.0
0,691.5645654287189,146.0
0,691.507162100711,147.0
0,691.500392416235,148.0
0,691.5000086655994,149.0
0,691.5000000373516,150.0
0,691.5000000373516,151.0
0,691.5000000373516,152.0
0,691.5000000373516,153.0
0,691.5000000373516,154.0
0,691.5000000373516,155.0
0,691.5000000373516,156.0
0,691.5000000373516,157.0
0,691.5000000373516,158.0
0,691.5000000373516,159.0
0,691.5000000373516,160.0
0,691.5000000373516,161.0
0,691.5000000373516,162.0
0,691.5000000373516,163.0
0,691.5000000373516,164.0
0,691.5000000373516,165.0
0,691.5000000373516,166.0
0,691.5000000373516,167.0
0,691.5000000373516,168.0
0,691.4999183088627,169.0
0,691.4971830601348,170.0
0,691.4627027980138,171.0
0,691.2847054140686,172.0
0,691.0,172.71288723778085
0,690.8771141064333,173.0
0,690.5982003391491,174.0
0,690.5144626285204,175.0
0,690.5044411418717,176.0
0,690.5156949315626,177.0
0,690.525962648526,178.0
0,690.5156687238725,179.0
0,690.5034840758588,180.0
0,690.5005784033796,181.0
0,690.5037698942525,182.0
0,690.5191978169773,183.0
0,690.5420339683695,184.0
0,690.5420339683695,185.0
0,690.5191978169773,186.0
0,690.5037613094678,187.0
0,690.5002935134097,188.0
0,690.5000086655994,189.0
0,690.5000000373516,190.0
0,690.5000000373516,191.0
0,690.5000000373516,192.0
0,690.5000000373516,193.0
0,690.5000000373516,194.0
0,690.5000000373516,195.0
0,690.5000000373516,196.0
0,690.5000000373516,197.0
0,690.4999011256289,198.0
0,690.4966117163834,199.0
0,690.4554828822945,200.0
0,690.2460504990817,201.0
0,690.0,201.56634971442978
0,689.8072279153834,202.0
0,689.5645654287189,203.0
0,689.507162100711,204.0
0,689.500392416235,205.0
0,689.5000086655994,206.0
0,689.5000000373516,207.0
0,689.5000000373516,208.0
0,689.5000000373516,209.0
0,689.5000000373516,210.0
0,689.5000000373516,211.0
0,689.5000000373516,212.0
0,689.5000000373516,213.0
0,689.5000000373516,214.0
0,689.4999097546282,215.0
0,689.4968555510804,216.0
0,689.4575612270519,217.0
0,689.2380297013606,218.0
0,689.0,218.4138662094512
0,688.6092629847593,219.0
0,688.0,219.85390662968734
0,687.9029708438326,220.0
0,687.5531000457638,221.0
0,687.3143184255975,222.0
0,687.0,222.79417579061177
0,686.9109667117427,223.0
0,686.5709891192442,224.0
0,686.2634931922096,225.0
0,686.0,225.5821161988378
0,685.8081482439227,226.0
0,685.5638800739591,227.0
0,685.4956865198137,228.0
0,685.4237409539173,229.0
0,685.2124000967057,230.0
0,685.0,230.71820565315488
0,684.8196122574647,231.0
0,684.526565542376,232.0
0,684.4005834068811,233.0
0,684.106951504467,234.0
0,684.0,234.15972876213593
0,683.2792169261055,235.0
0,683.0,235.5866172816825
0,682.7707960628414,236.0
0,682.4370233940102,237.0
0,682.0,237.703940967316
0,681.0,237.63230859030378
0,680.0,237.36043037725597
0,679.4994556830204,237.0
0,679.0,236.4830965742483
0,678.4422426456985,236.0
0,678.0,235.6706000416532
0,677.0,235.31605846428553
0,676.0,235.27768619893362
0,675.0,235.80866084590176
0,674.7453677260863,236.0
0,674.0,236.40284452479597
0,673.0,236.8666536841674
0,672.7874665423614,237.0
0,672.0,237.2627070882755
0,671.0,237.4232022358122
0,670.0,237.45675778317778
0,669.0,237.37598018537125
0,668.0,237.3104435943948
0,667.0,237.43583974268418
0,666.0,237.10159728458083
0,665.813165133352,237.0
0,665.0,236.52555829301247
0,664.0,236.6383392478621
0,663.495480960676,237.0
0,663.0,237.34629606183856
0,662.0,237.95743299090802
0,661.0,237.97399522492964
0,660.0,237.99910987374528
0,659.0,237.92307111608966
0,658.0,237.89379583981815
0,657.3640864202683,238.0
0,657.0,238.03207042304066
0,656.892011871815,238.0
0,656.0,237.527668064381
0,655.0,237.0920826698273
0,654.0,237.11514603864208
0,653.0,237.19695026141517
0,652.0,237.16989507610427
0,651.0,237.102227210686
0,650.0,237.06769584716002
0,649.3993454995725,237.0
0,649.0,236.9093462009517
0,648.0,236.7405717077938
0,647.0,236.68799647412348
0,646.0,236.62855911947042
0,645.0,236.60553514473233
0,644.0,236.69594536737583
0,643.0,236.54177932735638
0,642.0,236.27410627312594
0,641.0,236.45806983770797
0,640.2709581173646,237.0
0,640.0,237.18467965808335
0,639.0,237.6759139085783
0,638.0,237.57929719843213
0,637.0,237.54881910311838
0,636.0,237.70879746864372
0,635.0,237.88139704895667
0,634.0,237.35993844379595
0,633.1917207181801,237.0
0,633.0,236.8911660914091
0,632.0,236.883211257385
0,631.6120939517166,237.0
0,631.0,237.0950634198381
0,630.0,237.086025445512
0,629.0,237.00095124074272
0,628.9955703524831,237.0
0,628.0,236.60879799337053
0,627.0677774424246,236.0
0,627.0,235.94363700015114
0,626.0,235.02988931847963
0,625.9759316639966,235.0
0,625.6242611120316,234.0
0,625.5076041182556,233.0
0,625.4169153002686,232.0
0,625.1493362800177,231.0
0,625.0,230.78999146134097
0,624.740782844575,230.0
0,624.540403409955,229.0
0,624.499631424571,228.0
0,624.4518689947109,227.0
0,624.226122740712,226.0
0,624.0,225.5035987911083
0,623.7701689030787,225.0
0,623.4999916597079,224.0
0,623.2293508453581,223.0
0,623.0,222.50707494861976
0,622.7631219254464,222.0
0,622.4610345277863,221.0
0,622.0952041056132,220.0
0,622.0,219.85784939191487
0,621.3724941925362,219.0
0,621.0,218.4442116295205
0,620.7460269479537,218.0
0,620.5354707918623,217.0
0,620.48718585032,216.0
0,620.4741188472436,215.0
0,620.4843312761275,214.0
0,620.4965245065503,213.0
0,620.4997151172547,212.0
0,620.4999913344006,211.0
0,620.4999999626484,210.0
0,620.4999999626484,209.0
0,620.4999999626484,208.0
0,620.4999999626484,207.0
0,620.4999913344006,206.0
0,620.499607583765,205.0
0,620.492837899289,204.0
0,620.4354345712811,203.0
0,620.1927720846166,202.0
0,620.0,201.56634971442978
0,619.7539495009183,201.0
0,619.5445171177055,200.0
0,619.5033882836166,199.0
0,619.5000988743711,198.0
0,619.4999999626484,197.0
0,619.4999999626484,196.0
0,619.4999999626484,195.0
0,619.4999999626484,194.0
0,619.4999999626484,193.0
0,619.4999999626484,192.0
0,619.4999999626484,191.0
0,619.4999999626484,190.0
0,619.4999999626484,189.0
0,619.4999999626484,188.0
0,619.4999999626484,187.0
0,619.4999913344006,186.0
0,619.4997151172547,185.0
0,619.4965245065503,184.0
0,619.4843312761275,183.0
0,619.474037351474,182.0
0,619.4843312761275,181.0
0,619.4965245065503,180.0
0,619.4997151172547,179.0
0,619.4999913344006,178.0
0,619.4999913344006,177.0
0,619.499607583765,176.0
0,619.492837899289,175.0
0,619.4354345712811,174.0
0,619.1927720846166,173.0
0,619.0,172.56634971442978
0,618.7539495009183,172.0
0,618.5445171177055,171.0
0,618.5033882836166,170.0
0,618.5000988743711,169.0
0,618.4999999626484,168.0
0,618.4999999626484,167.0
0,618.4999999626484,166.0
0,618.4999999626484,165.0
0,618.4999999626484,164.0
0,618.4999999626484,163.0
0,618.4999999626484,162.0
0,618.4999999626484,161.0
0,618.4999999626484,160.0
0,618.4999999626484,159.0
0,618.4999999626484,158.0
0,618.4999999626484,157.0
0,618.4999913344006,156.0
0,618.4997151172547,155.0
0,618.4965245065503,154.0
0,618.4843312761275,153.0
0,618.474037351474,152.0
0,618.4843312761275,151.0
0,618.4965245065503,150.0
0,618.4997064865903,149.0
0,618.4995990269651,148.0
0,618.492837899289,147.0
0,618.4354345712811,146.0
0,618.1927657950458,145.0
0,618.0,144.56660037456456
0,617.7536690475355,144.0
0,617.5410431877607,143.0
0,617.4877193276128,142.0
0,617.4741362841933,141.0
0,617.4843312761275,140.0
0,617.4965245065503,139.0
0,617.4997151172547,138.0
0,617.4999913344006,137.0
0,617.4999999626484,136.0
0,617.4999999626484,135.0
0,617.4999999626484,134.0
0,617.4999999626484,133.0
0,617.4999999626484,132.0
0,617.4999999626484,131.0
0,617.4999999626484,130.0
0,617.4999999626484,129.0
0,617.4999999626484,128.0
0,617.4999999626484,127.0
0,617.4999999626484,126.0
0,617.4999999626484,125.0
0,617.4999999626484,124.0
0,617.4999999626484,123.0
0,617.4999999626484,122.0
0,617.4999999626484,121.0
0,617.4999999626484,120.0
0,617.4998924218355,119.0
0,617.4963258870703,118.0
0,617.4518540291191,117.0
0,617.2262221503597,116.0
0,617.0,115.50000009362621
0,616.7737777745019,115.0
0,616.5481459289671,114.0
0,616.5036740380922,113.0
0,616.5001074287504,112.0
0,616.4999999626484,111.0
0,616.4999999626484,110.0
0,616.4999999626484,109.0
0,616.4999999626484,108.0
0,616.4999999626484,107.0
0,616.4999951442654,106.0
0,616.4998223533772,105.0
0,616.4972810896503,104.0
0,616.4778133490802,103.0
0,616.3667254651649,102.0
0,616.0,101.24973335972828
0,615.7290220318491,101.0
0,615.0,100.66603772284803
0,614.0,100.60303550434477
0,613.0,100.59858634304415
0,612.0,100.5731951880774
0,611.0,100.59434346562728
0,610.0,100.64390431182152
0,609.0,100.63641619719114
0,608.0,100.59385001709038
0,607.0,100.58565260434327
0,606.0,100.61492771831371
0,605.0,100.65995185235496
0,604.0,100.65945913901447
0,603.0,100.62287710396724
0,602.0,100.63957461114735
0,601.0,100.66615294423295
0,600.0,100.61504346334165
0,599.0,100.58150053479466
0,598.0,100.58628462883402
0,597.0,100.5935001309833
0,596.0,100.61966211032083
0,595.0,100.6493759735069
0,594.0,100.6028841972413
0,593.0,100.56888624165606
0,592.0,100.59183346239836
0,591.0,100.64605104147297
0,590.0,100.66991483354359
0,589.0,100.62314965031239
0,588.0,100.58671241725236
0,587.0,100.58866198234122
0,586.0,100.61253886580417
0,585.0,100.64307841007438
0,584.0,100.64061589255525
0,583.0,100.64290011107785
0,582.0,100.6585821545256
0,581.0,100.62874656671585
0,580.0,100.60363797864083
0,579.0,100.60646265488494
0,578.0,100.60447360543381
0,577.0,100.5850661283238
0,576.0,100.57051239095037
0,575.0,100.57035496174593
0,574.0,100.58275857405079
0,573.0,100.59025843664953
0,572.0,100.56664425954757
0,571.0,100.54630589904536
0,570.0,100.56297835707723
0,569.0,100.5740490152788
0,568.0,100.56268722301773
0,567.0,100.58650311898296
0,566.0,100.61503342455877
0,565.0,100.58339414399721
0,564.0,100.55447982521137
0,563.0,100.59123038759603
0,562.0,100.65431965047088
0,561.0,100.66201013217955
0,560.0,100.62882363999972
0,559.0,100.61798478929515
0,558.0,100.60799867557768
0,557.0,100.6014268094162
0,556.0,100.64557600169204
0,555.0,100.6827232242393
0,554.0,100.6360250315189
0,553.0,100.58030565707918
0,552.0,100.57023169848725
0,551.0,100.58622961130305
0,550.0,100.66807499361317
0,549.0,100.76033133310618
0,548.0,100.74278008321077
0,547.0,100.65962215743234
0,546.0,100.59848707430136
0,545.0,100.6932339752254
0,544.3898856120594,101.0
0,544.0,101.36274373960897
0,543.65879742428,102.0
0,543.5215798591062,103.0
0,543.5017313132024,104.0
0,543.5035141465718,105.0
0,543.5156687238725,106.0
0,543.525962648526,107.0
0,543.5156687238725,108.0
0,543.5034754934497,109.0
0,543.5002848827453,110.0
0,543.5000086655994,111.0
0,543.4999011256289,112.0
0,543.4966117163834,113.0
0,543.4554828822945,114.0
0,543.2460504990817,115.0
0,543.0,115.56634971442978
0,542.8072279153834,116.0
0,542.5645654287189,117.0
0,542.507162100711,118.0
0,542.500392416235,119.0
0,542.5000086655994,120.0
0,542.5000000373516,121.0
0,542.5000000373516,122.0
0,542.5000000373516,123.0
0,542.5000000373516,124.0
0,542.5000000373516,125.0
0,542.5000000373516,126.0
0,542.5000000373516,127.0
0,542.5000000373516,128.0
0,542.5000000373516,129.0
0,542.5000000373516,130.0
0,542.5000000373516,131.0
0,542.5000000373516,132.0
0,542.5000000373516,133.0
0,542.5000000373516,134.0
0,542.5000000373516,135.0
0,542.5000000373516,136.0
0,542.5000000373516,137.0
0,542.5000000373516,138.0
0,542.5000000373516,139.0
0,542.5000000373516,140.0
0,542.4999097546282,141.0
0,542.4968974653387,142.0
0,542.4590991126915,143.0
0,542.2655420532432,144.0
0,542.0,144.63715708181678
0,541.8416586921127,145.0
0,541.58125425958,146.0
0,541.5109497581132,147.0
0,541.504155135851,148.0
0,541.5156861697122,149.0
0,541.525962648526,150.0
0,541.5156687238725,151.0
0,541.5034754934497,152.0
0,541.5002848827453,153.0
0,541.5000086655994,154.0
0,541.5000086655994,155.0
0,541.5002848827453,156.0
0,541.5034754934497,157.0
0,541.5156687238725,158.0
0,541.525962648526,159.0
0,541.5156687238725,160.0
0,541.5034754934497,161.0
0,541.5002848827453,162.0
0,541.5000086655994,163.0
0,541.5000086655994,164.0
0,541.5002848827453,165.0
0,541.5034754934497,166.0
0,541.5156687238725,167.0
0,541.525962648526,168.0
0,541.5155612644921,169.0
0,541.4998014171722,170.0
0,541.4521387188726,171.0
0,541.2262306887451,172.0
0,541.0,172.50000823897213
0,540.7737778496403,173.0
0,540.5481459708809,174.0
0,540.5036741129297,175.0
0,540.5001075781645,176.0
0,540.5000000373516,177.0
0,540.5000000373516,178.0
0,540.5000000373516,179.0
0,540.5000000373516,180.0
0,540.5000086655994,181.0
0,540.5002848827453,182.0
0,540.5034754934497,183.0
0,540.5156687238725,184.0
0,540.525962648526,185.0
0,540.5156687238725,186.0
0,540.5034754934497,187.0
0,540.5002848827453,188.0
0,540.5000086655994,189.0
0,540.5000086655994,190.0
0,540.5002848827453,191.0
0,540.5034754934497,192.0
0,540.5156687238725,193.0
0,540.525962648526,194.0
0,540.5156687238725,195.0
0,540.5034754934497,196.0
0,540.5002848827453,197.0
0,540.4999010874405,198.0
0,540.4963259619078,199.0
0,540.4518540710329,200.0
0,540.2262222254981,201.0
0,540.0,201.5000000936262
0,539.7737778496403,202.0
0,539.5481459708809,203.0
0,539.5036741129297,204.0
0,539.5001075781645,205.0
0,539.5000000373516,206.0
0,539.5000000373516,207.0
0,539.5000000373516,208.0
0,539.5000000373516,209.0
0,539.5000000373516,210.0
0,539.5000000373516,211.0
0,539.5000000373516,212.0
0,539.5000000373516,213.0
0,539.5000000373516,214.0
0,539.4999183088627,215.0
0,539.4971411668606,216.0
0,539.4611742883228,217.0
0,539.2579424409267,218.0
0,539.0,218.46399449724862
0,538.6456979389832,219.0
0,538.0,219.87643754326672
0,537.9156833649264,220.0
0,537.5440587034241,221.0
0,537.2568338481369,222.0
0,537.0,222.57229220842467
0,536.804419373083,223.0
0,536.5200706817197,224.0
0,536.2531047593604,225.0
0,536.0,225.57276710404787
0,535.8075164217427,226.0
0,535.5638667575752,227.0
0,535.4957107756738,228.0
0,535.4246720195492,229.0
0,535.2269485761226,230.0
0,535.0,230.93086107181935
0,534.9630621848756,231.0
0,534.7826990746019,232.0
0,534.6514620741833,233.0
0,534.4384815386248,234.0
0,534.1011645923571,235.0
0,534.0,235.18368965953155
0,533.1318909776061,236.0
0,533.0,236.07130186181553
0,532.0,236.22993202066854
0,531.0,236.31578650476175
0,530.0,236.1981091219048
0,529.0,236.294341408326
0,528.1939511340083,237.0
0,528.0,237.1661564077158
0,527.0,237.5998746958015
0,526.0,237.44580077657915
0,525.0,237.39337661120015
0,524.0,237.57623178117444
0,523.0,237.49022077909743
0,522.0,237.2879388988296
0,521.0,237.38387611552935
0,520.0,237.41197105561105
0,519.0,237.35227403252435
0,518.0,237.24457616493697
0,517.0,237.07979521904713
0,516.0,237.13600453942078
0,515.0,237.17974157423356
0,514.0,237.215600022218
0,513.0,237.34897019299365
0,512.0,237.17761345651496
0,511.7794926767249,237.0
0,511.0,236.23257681296445
0,510.4493054431989,236.0
0,510.0,235.76334508308653
0,509.35818140139935,236.0
0,509.0,236.07197082779615
0,508.0,236.38544919652242
0,507.0,236.65254660390846
0,506.1646546396228,237.0
0,506.0,237.04342031314349
0,505.6605442033602,237.0
0,505.0,236.82131948969382
0,504.0,236.23696162861307
0,503.0,236.1346487860742
0,502.0,236.46953906037035
0,501.26365092355485,237.0
0,501.0,237.13076473470136
0,500.0,237.30538413949049
0,499.0,237.31690783537928
0,498.0,237.36955581445275
0,497.0,237.25951931487663
0,496.0,237.02677762745253
0,495.9377141215943,237.0
0,495.0,236.38268098161836
0,494.12290522216813,236.0
0,494.0,235.93129795365354
0,493.3539227749076,236.0
0,493.0,236.0220801202767
0,492.0,236.81380534099176
0,491.8206066744316,237.0
0,491.0,237.763989651865
0,490.0,237.4023661298956
0,489.0,237.13997104269518
0,488.0,237.0157869327242
0,487.92437141438273,237.0
0,487.0,236.6921576127486
0,486.0,236.65002071274492
0,485.0,236.93539802998828
0,484.0,236.81219217020745
0,483.0,236.2716966310021
0,482.0,236.1575660365318
0,481.0,236.46878246272234
0,480.3229530872313,237.0
0,480.0,237.23371139629913
0,479.0,237.7609147310277
0,478.0,237.27857720115327
0,477.7521008681366,237.0
0,477.0,236.22141705715285
0,476.81940349018726,236.0
0,476.3347676436971,235.0
0,476.0,234.3966673602671
0,475.86409195836677,234.0
0,475.59367252450494,233.0
0,475.3297526478213,232.0
0,475.0,231.4390927579008
0,474.84557051922525,231.0
0,474.57338794543585,230.0
0,474.50907018619085,229.0
0,474.4901752110762,228.0
0,474.4185919931537,227.0
0,474.15778658736525,226.0
0,474.0,225.64569975372305
0,473.7239303200194,225.0
0,473.45961041484117,224.0
0,473.1606113940271,223.0
0,473.0,222.64453169741114
0,472.72026685699893,222.0
0,472.4369939463082,221.0
0,472.0590739913373,220.0
0,472.0,219.91044253785424
0,471.3714113883999,219.0
0,471.0,218.4268285922945
0,470.75953133977936,218.0
0,470.5422971921809,217.0
0,470.5031319138875,216.0
0,470.49980539995147,215.0
0,470.49652450655026,214.0
0,470.48433127612753,213.0
0,470.47403735147395,212.0
0,470.48433127612753,211.0
0,470.49652450655026,210.0
0,470.4997151172547,209.0
0,470.4999913344007,208.0
0,470.4999999626484,207.0
0,470.4999999626484,206.0
0,470.4998924218355,205.0
0,470.49632588707027,204.0
0,470.45185402911903,203.0
0,470.22621614840443,202.0
0,470.0,201.50027755017706
0,469.7734980350022,201.0
0,469.5446722694637,200.0
0,469.48800514919895,199.0
0,469.4741448354055,198.0
0,469.48432251442586,197.0
0,469.49623010574743,196.0
0,469.4959527946301,195.0
0,469.48079346942444,194.0
0,469.4579660316305,193.0
0,469.4579660316305,192.0
0,469.4808021830227,191.0
0,469.4962386905322,190.0
0,469.4996979306118,189.0
0,469.4997064865903,188.0
0,469.49652450655026,187.0
0,469.48433127612753,186.0
0,469.47403735147395,185.0
0,469.48433127612753,184.0
0,469.49652450655026,183.0
0,469.4997151172547,182.0
0,469.4999913344007,181.0
0,469.4999999626484,180.0
0,469.4999999626484,179.0
0,469.4999999626484,178.0
0,469.4999999626484,177.0
0,469.4998924218355,176.0
0,469.49632588707027,175.0
0,469.45185402911903,174.0
0,469.2262221503597,173.0
0,469.0,172.5000000936262
0,468.77377777450187,172.0
0,468.548145928967,171.0
0,468.5036740380922,170.0
0,468.50010742875037,169.0
0,468.4999999626484,168.0
0,468.4999999626484,167.0
0,468.4999999626484,166.0
0,468.4999999626484,165.0
0,468.4999999626484,164.0
0,468.4999999626484,163.0
0,468.4999999626484,162.0
0,468.4999999626484,161.0
0,468.4999999626484,160.0
0,468.4999999626484,159.0
0,468.4999999626484,158.0
0,468.4999999626484,157.0
0,468.4999999626484,156.0
0,468.4999999626484,155.0
0,468.4999999626484,154.0
0,468.4999999626484,153.0
0,468.4999999626484,152.0
0,468.4999999626484,151.0
0,468.4999999626484,150.0
0,468.4999827807858,149.0
0,468.49932262885915,148.0
0,468.48933807011656,147.0
0,468.4187549814638,146.0
0,468.1583413078873,145.0
0,468.0,144.63715708181678
0,467.73445794675683,144.0
0,467.5409008873085,143.0
0,467.50310253466125,142.0
0,467.5000902453718,141.0
0,467.4999999626484,140.0
0,467.4999999626484,139.0
0,467.4999999626484,138.0
0,467.4999999626484,137.0
0,467.4999999626484,136.0
0,467.4999999626484,135.0
0,467.4999999626484,134.0
0,467.4999999626484,133.0
0,467.4999999626484,132.0
0,467.4999999626484,131.0
0,467.4999999626484,130.0
0,467.4999999626484,129.0
0,467.4999913344007,128.0
0,467.4997151172547,127.0
0,467.49652450655026,126.0
0,467.48433127612753,125.0
0,467.47403735147395,124.0
0,467.48433127612753,123.0
0,467.49652450655026,122.0
0,467.4997151172547,121.0
0,467.4999827807858,120.0
0,467.499607583765,119.0
0,467.49283789928904,118.0
0,467.43543457128106,117.0
0,467.1927720846166,116.0
0,467.0,115.56634971442978
0,466.7539495009183,115.0
0,466.5445171177055,114.0
0,466.5033882836166,113.0
0,466.50009887437113,112.0
0,466.4999999626484,111.0
0,466.4999999626484,110.0
0,466.4999999626484,109.0
0,466.4999999626484,108.0
0,466.4999999626484,107.0
0,466.4999999626484,106.0
0,466.4999565214533,105.0
0,466.49839170316426,104.0
0,466.47635117832635,103.0
0,466.3285427079168,102.0
0,466.0,101.40960760554262
0,465.41881108505305,101.0
0,465.0,100.82720567418026
0,464.0,100.83332777639701
0,463.0,100.81317289669255
0,462.0,100.67768135327638
0,461.0,100.61254033282741
0,460.0,100.64614833248493
0,459.0,100.71529596688555
0,458.0,100.74534819451982
0,457.0,100.74089362660452
0,456.0,100.7584325629351
0,455.0,100.72183311789439
0,454.0,100.66371524958083
0,453.0,100.6324096241753
0,452.0,100.6764464137234
0,451.0,100.75328222530072
0,450.0,100.74142451834048
0,449.0,100.71378281573327
0,448.0,100.72214222759503
0,447.0,100.75667145809466
0,446.0,100.83504488762107
0,445.0,100.82745350778659
0,444.0,100.73456682107751
0,443.0,100.65540208497647
0,442.0,100.6922063161834
0,441.0,100.78257519665215
0,440.0,100.71943977811037
0,439.0,100.59204401505102
0,438.0,100.54540356804664
0,437.0,100.575040304033
0,436.0,100.61265610918501
0,435.0,100.60322221989134
0,434.0,100.57140393194487
0,433.0,100.55431926843555
0,432.0,100.5566610170304
0,431.0,100.563587790185
0,430.0,100.58911873662898
0,429.0,100.62739118053445
0,428.0,100.60910144492183
0,427.0,100.56092961683608
0,426.0,100.54532564611874
0,425.0,100.5452054291986
0,424.0,100.54079669088718
0,423.0,100.53359216690257
0,422.0,100.53040839459753
0,421.0,100.52501517675066
0,420.0,100.54711747249176
0,419.0,100.59055841690939
0,418.0,100.60124015066631
0,417.0,100.59105771484833
0,416.0,100.60273752717598
0,415.0,100.67113216353013
0,414.0,100.69634453109535
0,413.0,100.61641100504335
0,412.0,100.55714592177327
0,411.0,100.57859423306417
0,410.0,100.64239048636084
0,409.0,100.669407604527
0,408.0,100.62083832809131
0,407.0,100.57408823513474
0,406.0,100.55111690654245
0,405.0,100.54332218810944
0,404.0,100.57066901626168
0,403.0,100.61523349276503
0,402.0,100.64870225653277
0,401.0,100.66133071062795
0,400.0,100.65471489903601
0,399.0,100.64583830537264
0,398.0,100.63141153591486
0,397.0,100.633949668237
0,396.0,100.65852120742372
0,395.0,100.77747718770989
0,394.52385789247285,101.0
0,394.0,101.44027944229204
0,393.696638896327,102.0
0,393.53943147842824,103.0
0,393.50527517943226,104.0
0,393.500351517,105.0
0,393.5000094873499,106.0
0,393.5000000373516,107.0
0,393.5000000373516,108.0
0,393.5000000373516,109.0
0,393.5000086655993,110.0
0,393.5002848827453,111.0
0,393.5033679524012,112.0
0,393.51200351121423,113.0
0,393.47810850981915,114.0
0,393.24608779210314,115.0
0,393.0,115.5483910821459
0,392.79647484286505,116.0
0,392.57550526408676,117.0
0,392.51940355866645,118.0
0,392.5035833253448,119.0
0,392.5002848827453,120.0
0,392.5000086655993,121.0
0,392.5000000373516,122.0
0,392.5000000373516,123.0
0,392.5000000373516,124.0
0,392.5000000373516,125.0
0,392.5000000373516,126.0
0,392.5000000373516,127.0
0,392.5000000373516,128.0
0,392.5000000373516,129.0
0,392.5000000373516,130.0
0,392.5000000373516,131.0
0,392.5000000373516,132.0
0,392.5000000373516,133.0
0,392.5000000373516,134.0
0,392.5000000373516,135.0
0,392.5000000373516,136.0
0,392.5000000373516,137.0
0,392.5000000373516,138.0
0,392.5000000373516,139.0
0,392.5000000373516,140.0
0,392.4999097546282,141.0
0,392.49689746533875,142.0
0,392.4590991126915,143.0
0,392.26554205324317,144.0
0,392.0,144.63715708181678
0,391.8416586921127,145.0
0,391.5812450185362,146.0
0,391.51066192988344,147.0
0,391.50067737114085,148.0
0,391.5000172192142,149.0
0,391.5000000373516,150.0
0,391.5000000373516,151.0
0,391.5000000373516,152.0
0,391.5000000373516,153.0
0,391.5000000373516,154.0
0,391.5000000373516,155.0
0,391.5000000373516,156.0
0,391.5000000373516,157.0
0,391.5000000373516,158.0
0,391.5000000373516,159.0
0,391.5000000373516,160.0
0,391.5000000373516,161.0
0,391.5000000373516,162.0
0,391.5000000373516,163.0
0,391.5000000373516,164.0
0,391.5000000373516,165.0
0,391.5000000373516,166.0
0,391.5000086655993,167.0
0,391.5002848827453,168.0
0,391.5033679524012,169.0
0,391.51199485080105,170.0
0,391.47780998846224,171.0
0,391.24162503293394,172.0
0,391.0,172.5175964785258
0,390.7762325185503,173.0
0,390.54828892371694,174.0
0,390.5036780603442,175.0
0,390.5001075781645,176.0
0,390.5000000373516,177.0
0,390.5000000373516,178.0
0,390.5000086655993,179.0
0,390.5002848827453,180.0
0,390.5034840758588,181.0
0,390.51595795819986,182.0
0,390.5295359433209,183.0
0,390.53187351409684,184.0
0,390.5331038692085,185.0
0,390.53187351409684,186.0
0,390.5295359433209,187.0
0,390.51595795819986,188.0
0,390.5034840758588,189.0
0,390.5002848827453,190.0
0,390.5000086655993,191.0
0,390.5000000373516,192.0
0,390.5000000373516,193.0
0,390.5000000373516,194.0
0,390.5000000373516,195.0
0,390.5000000373516,196.0
0,390.5000000373516,197.0
0,390.49989257124963,198.0
0,390.4963259619078,199.0
0,390.451854071033,200.0
0,390.22623328647137,201.0
0,390.0,201.50045822711647
0,389.774144202718,202.0
0,389.5517874713925,203.0
0,389.5193994652012,204.0
0,389.5260729059943,205.0
0,389.51566872387247,206.0
0,389.50347549344974,207.0
0,389.5002848827453,208.0
0,389.5000086655993,209.0
0,389.5000000373516,210.0
0,389.5000000373516,211.0
0,389.5000000373516,212.0
0,389.5000000373516,213.0
0,389.5000000373516,214.0
0,389.49991830886273,215.0
0,389.49714116686056,216.0
0,389.4611742883228,217.0
0,389.25794244092674,218.0
0,389.0,218.46399449724862
0,388.6456979389832,219.0
0,388.0,219.87643754326672
0,387.9156833649264,220.0
0,387.54405870342407,221.0
0,387.2568456062558,222.0
0,387.0,222.57293722190025
0,386.8049866665025,223.0
0,386.5275879227107,224.0
0,386.29602539031714,225.0
0,386.0,225.7608234118946
0,385.8995194390084,226.0
0,385.627450541686,227.0
0,385.53478421382397,228.0
0,385.5249117472435,229.0
0,385.53761376915537,230.0
0,385.3413596506377,231.0
0,385.0,231.84674458114912
0,384.8987099752247,232.0
0,384.5431605982126,233.0
0,384.3172460577072,234.0
0,384.0,234.37567760090752
0,383.0,234.63456539877114
0,382.4532311342535,235.0
0,382.0,235.26382629968003
0,381.0,235.7329550638847
0,380.30364124862433,236.0
0,380.0,236.06433220213316
0,379.0,236.50595046955567
0,378.43497053115067,237.0
0,378.0,237.33949690179008
0,377.0,237.53933736906237
0,376.0,237.41459608932325
0,375.0,237.65404953495664
0,374.0,237.7353074277076
0,373.0,237.5468091603484
0,372.0,237.4864141410684
0,371.0,237.43033477828735
0,370.0,237.38331307375404
0,369.0,237.5282044589979
0,368.0,237.54246734470743
0,367.0,237.02396227481475
0,366.96025476508436,237.0
0,366.0,236.34765184776862
0,365.0,236.2817262260014
0,364.0,236.61455220752978
0,363.38035559181236,237.0
0,363.0,237.150108388318
0,362.0,237.2345848261679
0,361.02371798538155,237.0
0,361.0,236.9881420014133
0,360.0,236.62399540895015
0,359.0,236.606460844701
0,358.0,236.57789054079245
0,357.0,236.55281299736052
0,356.0,236.235368846346
0,355.3597904492753,236.0
0,355.0,235.82581784181173
0,354.5627643300639,236.0
0,354.0,236.133875509405
0,353.0,236.54624144077323
0,352.0,236.9715648359593
0,351.8667846692075,237.0
0,351.0,237.08765716333377
0,350.35953865650856,237.0
0,350.0,236.90266626379653
0,349.0,236.66042524230883
0,348.0,236.58691776359615
0,347.0,236.66056163013965
0,346.0,236.90990555424605
0,345.75130661900147,237.0
0,345.0,237.1426074822935
0,344.0,237.2608327804002
0,343.0,237.33873599263643
0,342.0,237.46163154123883
0,341.0,237.89541332363157
0,340.6980833444708,238.0
0,340.0,238.119773767903
0,339.44516450106016,238.0
0,339.0,237.81469206507043
0,338.0,237.2605988415617
0,337.30618867516563,237.0
0,337.0,236.80752469690864
0,336.1527516511977,236.0
0,336.0,235.83869182585477
0,335.0,235.11617568259476
0,334.36591618605644,235.0
0,334.0,234.89176403025402
0,333.0,234.96597274626652
0,332.93808147473385,235.0
0,332.0,235.38636679693036
0,331.0,235.96007272494535
0,330.6078388374779,236.0
0,330.0,236.02824106997915
0,329.0,236.19208326264888
0,328.0,236.19734200710357
0,327.63468587596975,236.0
0,327.0,235.4888531152183
0,326.40973868218913,235.0
0,326.0,234.58950366660034
0,325.64124646737355,234.0
0,325.43666447098263,233.0
0,325.23660319857896,232.0
0,325.0,231.56523110247508
0,324.83000830273033,231.0
0,324.5721807793147,230.0
0,324.50903884918245,229.0
0,324.4900361342818,228.0
0,324.41674886924284,227.0
0,324.14584948985015,226.0
0,324.0,225.68029912365813
0,323.70152723451474,225.0
0,323.45962375547674,224.0
0,323.19112174313415,223.0
0,323.0,222.5728083599183
0,322.7499781584814,222.0
0,322.4942409614829,221.0
0,322.1927890173747,220.0
0,322.0,219.70195697725725
0,321.4842427028811,219.0
0,321.0,218.3265083746028
0,320.7924543886273,218.0
0,320.5465114243839,217.0
0,320.50343051658206,216.0
0,320.4998140647727,215.0
0,320.49652450655026,214.0
0,320.48433127612753,213.0
0,320.47403735147395,212.0
0,320.48433127612753,211.0
0,320.49652450655026,210.0
0,320.4997151172547,209.0
0,320.4999913344007,208.0
0,320.4999999626484,207.0
0,320.4999913344007,206.0
0,320.499607583765,205.0
0,320.49283789928904,204.0
0,320.43543457128106,203.0
0,320.1927720846166,202.0
0,320.0,201.56634971442978
0,319.7539495009183,201.0
0,319.5445171177055,200.0
0,319.5033882836166,199.0
0,319.50009887437113,198.0
0,319.4999913344007,197.0
0,319.4997064865903,196.0
0,319.4962386905322,195.0
0,319.4808021830227,194.0
0,319.4579660316305,193.0
0,319.4579660316305,192.0
0,319.4808021830227,191.0
0,319.4962386905322,190.0
0,319.4997064865903,189.0
0,319.4999913344007,188.0
0,319.4999913344007,187.0
0,319.4997151172547,186.0
0,319.4965159241412,185.0
0,319.48404204180014,184.0
0,319.4704728570087,183.0
0,319.4684201758647,182.0
0,319.4704728570087,181.0
0,319.48404204180014,180.0
0,319.4965159241412,179.0
0,319.4997151172547,178.0
0,319.4999913344007,177.0
0,319.4998924218355,176.0
0,319.49632588707027,175.0
0,319.45185402911903,174.0
0,319.2262221503597,173.0
0,319.0,172.5000000936262
0,318.77377777450187,172.0
0,318.548145928967,171.0
0,318.5036740380922,170.0
0,318.50010742875037,169.0
0,318.4999999626484,168.0
0,318.4999913344007,167.0
0,318.4997064865903,166.0
0,318.4962386905322,165.0
0,318.4808021830227,164.0
0,318.4579660316305,163.0
0,318.4579660316305,162.0
0,318.4808021830227,161.0
0,318.4962386905322,160.0
0,318.4997064865903,159.0
0,318.4999913344007,158.0
0,318.4999999626484,157.0
0,318.4999999626484,156.0
0,318.4999999626484,155.0
0,318.4999999626484,154.0
0,318.4999999626484,153.0
0,318.4999999626484,152.0
0,318.4999999626484,151.0
0,318.4999999626484,150.0
0,318.4999999626484,149.0
0,318.4998924218355,148.0
0,318.49632588707027,147.0
0,318.45185402911903,146.0
0,318.22621614840443,145.0
0,318.0,144.50027755017706
0,317.7734980350022,144.0
0,317.5446722694637,143.0
0,317.48800514919895,142.0
0,317.4741448354055,141.0
0,317.48433127612753,140.0
0,317.4965159241412,139.0
0,317.49943022970297,138.0
0,317.4965159241412,137.0
0,317.48433127612753,136.0
0,317.47403735147395,135.0
0,317.48433127612753,134.0
0,317.49652450655026,133.0
0,317.4997151172547,132.0
0,317.4999913344007,131.0
0,317.4999999626484,130.0
0,317.4999999626484,129.0
0,317.4999999626484,128.0
0,317.4999999626484,127.0
0,317.4999999626484,126.0
0,317.4999999626484,125.0
0,317.4999999626484,124.0
0,317.4999999626484,123.0
0,317.4999999626484,122.0
0,317.4999999626484,121.0
0,317.4999913344007,120.0
0,317.499607583765,119.0
0,317.49283789928904,118.0
0,317.43543457128106,117.0
0,317.1927720846166,116.0
0,317.0,115.56634971442978
0,316.7539495009183,115.0
0,316.5445171177055,114.0
0,316.5033796555005,113.0
0,316.49981406632867,112.0
0,316.49652450655026,111.0
0,316.48433127612753,110.0
0,316.47403735147395,109.0
0,316.48432251442586,108.0
0,316.4962386905322,107.0
0,316.49622137007805,106.0
0,316.4837089733043,105.0
0,316.46558127030977,104.0
0,316.4320001488653,103.0
0,316.28645177626424,102.0
0,316.0,101.4381780820816
0,315.5167560467859,101.0
0,315.0,100.75628027309311
0,314.0,100.6954941920549
0,313.0,100.7170283937977
0,312.0,100.69802628027652
0,311.0,100.65275769505652
0,310.0,100.60020801524922
0,309.0,100.56184243824376
0,308.0,100.60991594430381
0,307.0,100.68542557183561
0,306.0,100.6274504325474
0,305.0,100.55005781229272
0,304.0,100.56662650426475
0,303.0,100.62019047909632
0,302.0,100.59742330014262
0,301.0,100.53951976879785
0,300.0,100.52573323724542
0,299.0,100.5467572931577
0,298.0,100.56695240135025
0,297.0,100.59376732139556
0,296.0,100.64267713056525
0,295.0,100.65585448025722
0,294.0,100.6123250295399
0,293.0,100.60337732624097
0,292.0,100.62613437296191
0,291.0,100.64915727872592
0,290.0,100.65598940328505
0,289.0,100.68658093084645
0,288.0,100.74810232061789
0,287.0,100.72712600864874
0,286.0,100.66317420595726
0,285.0,100.64829042847376
0,284.0,100.69058274883956
0,283.0,100.69395636617621
0,282.0,100.61280133968133
0,281.0,100.57444113080624
0,280.0,100.60922159628007
0,279.0,100.66238755250933
0,278.0,100.69683538826037
0,277.0,100.70656252647963
0,276.0,100.66004856117198
0,275.0,100.63285350773772
0,274.0,100.63957087023438
0,273.0,100.63826508054022
0,272.0,100.63831086184952
0,271.0,100.66546712242071
0,270.0,100.67135656661036
0,269.0,100.67015759061248
0,268.0,100.71494919645555
0,267.0,100.76454473043611
0,266.0,100.78821024530981
0,265.0,100.76414400147442
0,264.0,100.7096875917318
0,263.0,100.64074677186963
0,262.0,100.59678796144519
0,261.0,100.59157248416697
0,260.0,100.61749983708299
0,259.0,100.60721501958656
0,258.0,100.57035923320792
0,257.0,100.56663592215963
0,256.0,100.59902262117731
0,255.0,100.62609501689691
0,254.0,100.64577326692604
0,253.0,100.62975813024958
0,252.0,100.5988540746562
0,251.0,100.61282521806021
0,250.0,100.66676088564547
0,249.0,100.69922058780362
0,248.0,100.68906350098838
0,247.0,100.66179327726098
0,246.0,100.65895700192368
0,245.0,100.74910350413295
0,244.4412060297609,101.0
0,244.0,101.37924151297314
0,243.68213471871465,102.0
0,243.54049205397473,103.0
0,243.50615641632922,104.0
0,243.50044335906705,105.0
0,243.50001258759303,106.0
0,243.50000003735155,107.0
0,243.50000003735155,108.0
0,243.50000003735155,109.0
0,243.50000003735155,110.0
0,243.50000003735155,111.0
0,243.49990975462822,112.0
0,243.49689746533875,113.0
0,243.4590991126915,114.0
0,243.26554205324317,115.0
0,243.0,115.63715708181677
0,242.84165869211267,116.0
0,242.58124501853624,117.0
0,242.51066192988347,118.0
0,242.50067737114088,119.0
0,242.5000172192142,120.0
0,242.50000003735155,121.0
0,242.50000003735155,122.0
0,242.50000003735155,123.0
0,242.50000003735155,124.0
0,242.50000003735155,125.0
0,242.50000003735155,126.0
0,242.50000003735155,127.0
0,242.50000003735155,128.0
0,242.50000003735155,129.0
0,242.50000003735155,130.0
0,242.5000086655993,131.0
0,242.50028488274532,132.0
0,242.50348407585878,133.0
0,242.51595795819986,134.0
0,242.52952714299127,135.0
0,242.53157982413526,136.0
0,242.52952714299127,137.0
0,242.51595795819986,138.0
0,242.50348407585878,139.0
0,242.50028488274532,140.0
0,242.4999097538731,141.0
0,242.49661171638343,142.0
0,242.45548288229452,143.0
0,242.24605049908172,144.0
0,242.0,144.56634971442978
0,241.8072279153834,145.0
0,241.5645746134694,146.0
0,241.5074489481097,147.0
0,241.50386913433644,148.0
0,241.51567748557414,149.0
0,241.52596264852605,150.0
0,241.51566872387247,151.0
0,241.50347549344974,152.0
0,241.50028488274532,153.0
0,241.5000086655993,154.0
0,241.50000003735155,155.0
0,241.50000003735155,156.0
0,241.50000003735155,157.0
0,241.5000086655993,158.0
0,241.50028488274532,159.0
0,241.50347549344974,160.0
0,241.51566872387247,161.0
0,241.52596264852605,162.0
0,241.51566872387247,163.0
0,241.50347549344974,164.0
0,241.50028488274532,165.0
0,241.5000086655993,166.0
0,241.50000003735155,167.0
0,241.50000003735155,168.0
0,241.49993552916658,169.0
0,241.49775412235326,170.0
0,241.46987290746387,171.0
0,241.32207999186565,172.0
0,241.0,172.88132156589273
0,240.95128677233524,173.0
0,240.63290731034067,174.0
0,240.52123372545,175.0
0,240.50153267586597,176.0
0,240.5000430299028,177.0
0,240.50000003735155,178.0
0,240.50000003735155,179.0
0,240.50000003735155,180.0
0,240.50000003735155,181.0
0,240.50000003735155,182.0
0,240.5000086655993,183.0
0,240.50028488274532,184.0
0,240.50347549344974,185.0
0,240.51566872387247,186.0
0,240.52596264852605,187.0
0,240.51566872387247,188.0
0,240.50347549344974,189.0
0,240.50028488274532,190.0
0,240.5000086655993,191.0
0,240.50000003735155,192.0
0,240.50000003735155,193.0
0,240.50000003735155,194.0
0,240.5000086655993,195.0
0,240.50028488274532,196.0
0,240.50347549344974,197.0
0,240.51556126449216,198.0
0,240.52228908339228,199.0
0,240.46751687623663,200.0
0,240.22963593877964,201.0
0,240.0,201.50353163919877
0,239.7739788608257,202.0
0,239.5481503503487,203.0
0,239.50367411292973,204.0
0,239.5001075781645,205.0
0,239.50000003735155,206.0
0,239.50000003735155,207.0
0,239.50000003735155,208.0
0,239.5000086655993,209.0
0,239.50028488274532,210.0
0,239.50347549344974,211.0
0,239.51566872387247,212.0
0,239.52596264852605,213.0
0,239.51566872387247,214.0
0,239.50339380238097,215.0
0,239.49742204211975,216.0
0,239.4610420846663,217.0
0,239.25555942602037,218.0
0,239.0,218.45026105655475
0,238.6260089643162,219.0
0,238.0,219.8220685981794
0,237.8777096481876,220.0
0,237.5271552309028,221.0
0,237.25338731787917,222.0
0,237.0,222.5694547037921
0,236.8044884974921,223.0
0,236.52368381018846,224.0
0,236.27261248605518,225.0
0,236.0,225.64288354927493
0,235.84199311496752,226.0
0,235.58140340092567,227.0
0,235.50982478892385,228.0
0,235.49098268327126,229.0
0,235.42910102531138,230.0
0,235.1882789618946,231.0
0,235.0,231.8240345681698
0,234.91748971949804,232.0
0,234.89177922635224,233.0
0,234.81011082900886,234.0
0,234.5099901069785,235.0
0,234.12806451568628,236.0
0,234.0,236.16384922618957
0,233.0,236.62686959621095
0,232.0,236.82508512176844
0,231.26393963034639,237.0
0,231.0,237.0339842096446
0,230.0,237.15246011743787
0,229.0,237.01283554398816
0,228.96880943925876,237.0
0,228.0,236.43876108622064
0,227.0,236.19122755690455
0,226.0,236.2459123933381
0,225.0,236.28833435123863
0,224.0,236.2083799303539
0,223.0,236.23862477343025
0,222.0,236.4180013142423
0,221.0,236.47510807820098
0,220.0,236.48276730286935
0,219.0,236.680889985264
0,218.0,236.57298691795367
0,217.0,236.36563148529365
0,216.0,236.30555669935637
0,215.0,236.23698187498408
0,214.0,236.33848859771206
0,213.0,236.88376780619203
0,212.36678964345015,237.0
0,212.0,237.039310417973
0,211.84309651593247,237.0
0,211.0,236.69049075137048
0,210.0,236.72481718623166
0,209.0,236.75096771188905
0,208.0,236.8394227827716
0,207.0,236.98866344867793
0,206.4862554638174,237.0
0,206.0,237.00485132363156
0,205.0,237.13262860022843
0,204.0,237.04409215348917
0,203.9000360320408,237.0
0,203.0,236.4619675751863
0,202.0,236.4148802673886
0,201.0,236.91392572589046
0,200.72532126836293,237.0
0,200.0,237.10722494310934
0,199.0,237.063459786238
0,198.0,237.20756385709439
0,197.0,237.10855297636655
0,196.74870149775703,237.0
0,196.0,236.5470302635473
0,195.0,236.0814190751372
0,194.64830439755002,236.0
0,194.0,235.73938437050728
0,193.43997619125392,236.0
0,193.0,236.1356012020708
0,192.0,236.5988631949894
0,191.0,236.47900781177057
0,190.0,236.32546500146208
0,189.0,236.39763663805053
0,188.0,236.40065941987672
0,187.0,236.1964888671114
0,186.0,236.0680715923085
0,185.0,236.01353719919126
0,184.0,236.03187152726053
0,183.37964566509788,236.0
0,183.0,235.96570938277887
0,182.88166070477766,236.0
0,182.0,236.15324059340617
0,181.0,236.93396583851438
0,180.9175579227235,237.0
0,180.0,237.5282774124062
0,179.0,237.4815431665778
0,178.0,237.11215564122372
0,177.86493198477285,237.0
0,177.0,236.26367034093033
0,176.709024313254,236.0
0,176.0,235.22883464779878
0,175.85343105146475,235.0
0,175.52798464922125,234.0
0,175.2109293227263,233.0
0,175.0,232.41038014993023
0,174.91374207519706,232.0
0,174.82838366479277,231.0
0,174.6507722938694,230.0
0,174.5278790671014,229.0
0,174.4988358826407,228.0
0,174.45183348543995,227.0
0,174.2255191700926,226.0
0,174.0,225.5139369253555
0,173.75984588649973,225.0
0,173.44987922545425,224.0
0,173.12537515570827,223.0
0,173.0,222.720049943933
0,172.69635303388336,222.0
0,172.40922379929515,221.0
0,172.0094022994606,220.0
0,172.0,219.9852902381504
0,171.36643470555563,219.0
0,171.0,218.4113273368887
0,170.7727081679914,218.0
0,170.54548153468167,217.0
0,170.5034135949949,216.0
0,170.50009887437113,215.0
0,170.49999996264845,214.0
0,170.49999996264845,213.0
0,170.49999996264845,212.0
0,170.49999996264845,211.0
0,170.49999996264845,210.0
0,170.49999996264845,209.0
0,170.49999996264845,208.0
0,170.49999996264845,207.0
0,170.4999913344007,206.0
0,170.49960758376503,205.0
0,170.49283789928904,204.0
0,170.4354345712811,203.0
0,170.1927720846166,202.0
0,170.0,201.56634971442978
0,169.75394950091828,201.0
0,169.54451711770548,200.0
0,169.50338828361657,199.0
0,169.50009887437113,198.0
0,169.49999996264845,197.0
0,169.49999996264845,196.0
0,169.49999996264845,195.0
0,169.49999996264845,194.0
0,169.49999996264845,193.0
0,169.49999996264845,192.0
0,169.49999996264845,191.0
0,169.49999996264845,190.0
0,169.49999996264845,189.0
0,169.49999996264845,188.0
0,169.49999996264845,187.0
0,169.49999996264845,186.0
0,169.49999996264845,185.0
0,169.49999996264845,184.0
0,169.49999996264845,183.0
0,169.49999996264845,182.0
0,169.49999996264845,181.0
0,169.49999996264845,180.0
0,169.49999996264845,179.0
0,169.49999996264845,178.0
0,169.4999913344007,177.0
0,169.49960758376503,176.0
0,169.49283789928904,175.0
0,169.4354345712811,174.0
0,169.1927720846166,173.0
0,169.0,172.56634971442978
0,168.75394950091828,172.0
0,168.54450849499972,171.0
0,168.50310343883083,170.0
0,168.49662341814164,169.0
0,168.48433127612753,168.0
0,168.47403735147395,167.0
0,168.48433127612753,166.0
0,168.49652450655026,165.0
0,168.49971511725468,164.0
0,168.4999913344007,163.0
0,168.4999913344007,162.0
0,168.49971511725468,161.0
0,168.49652450655026,160.0
0,168.48433127612753,159.0
0,168.47403735147395,158.0
0,168.48433127612753,157.0
0,168.49652450655026,156.0
0,168.49971511725468,155.0
0,168.4999827807858,154.0
0,168.49971511725468,153.0
0,168.49652450655026,152.0
0,168.48433127612753,151.0
0,168.47403735147395,150.0
0,168.48432251442586,149.0
0,168.49613086566356,148.0
0,168.4925510518903,147.0
0,168.4354253865306,146.0
0,168.1927720846166,145.0
0,168.0,144.56634971442978
0,167.75394950091828,144.0
0,167.54451711770548,143.0
0,167.50338828361657,142.0
0,167.5000902461269,141.0
0,167.49971511725468,140.0
0,167.49652450655026,139.0
0,167.48433127612753,138.0
0,167.47403735147395,137.0
0,167.48433127612753,136.0
0,167.49652450655026,135.0
0,167.49971511725468,134.0
0,167.4999913344007,133.0
0,167.49999996264845,132.0
0,167.49999996264845,131.0
0,167.49999996264845,130.0
0,167.4999913344007,129.0
0,167.49971511725468,128.0
0,167.49652450655026,127.0
0,167.48433127612753,126.0
0,167.47403735147395,125.0
0,167.48433127612753,124.0
0,167.49652450655026,123.0
0,167.49971511725468,122.0
0,167.4999913344007,121.0
0,167.49999996264845,120.0
0,167.4998924218355,119.0
0,167.49632588707027,118.0
0,167.45185402911906,117.0
0,167.22622215035972,116.0
0,167.0,115.50000009362621
0,166.7737777745019,115.0
0,166.54814592896702,114.0
0,166.50367403809219,113.0
0,166.5001074287504,112.0
0,166.49999996264845,111.0
0,166.4999913344007,110.0
0,166.49971511725468,109.0
0,166.49652450655026,108.0
0,166.48433127612753,107.0
0,166.47403644021398,106.0
0,166.4842793862032,105.0
0,166.49526523646165,104.0
0,166.48315511668667,103.0
0,166.37013086217476,102.0
0,166.0,101.28179698975009
0,165.614147861549,101.0
0,165.0,100.75940700961083
0,164.0,100.73586654368448
0,163.0,100.74048247109887
0,162.0,100.66849233664016
0,161.0,100.60916238240729
0,160.0,100.58265593610481
0,159.0,100.61025608319132
0,158.0,100.66741643909182
0,157.0,100.64466814058234
0,156.0,100.59253221526414
0,155.0,100.56450409842856
0,154.0,100.5906463901822
0,153.0,100.63678145271062
0,152.0,100.6325667239721
0,151.0,100.61185025911745
0,150.0,100.6194129876214
0,149.0,100.6270210411857
0,148.0,100.60641225713398
0,147.0,100.57354073627367
0,146.0,100.56895332170689
0,145.0,100.59525489144582
0,144.0,100.61302119097805
0,143.0,100.61053435140954
0,142.0,100.63817138452615
0,141.0,100.66096847567286
0,140.0,100.64806072276052
0,139.0,100.60863346212443
0,138.0,100.59473062227804
0,137.0,100.61218859661842
0,136.0,100.61635585828799
0,135.0,100.61962237532185
0,134.0,100.67317041031521
0,133.0,100.72484360468944
0,132.0,100.6997888042594
0,131.0,100.68778928850793
0,130.0,100.70970580412796
0,129.0,100.690779461753
0,128.0,100.63578598971083
0,127.0,100.60348873677786
0,126.0,100.6371138675632
0,125.0,100.67614078148695
0,124.0,100.69032568579865
0,123.0,100.69947386817361
0,122.0,100.71703403199764
0,121.0,100.74494003864798
0,120.0,100.6835165429312
0,119.0,100.60045856126872
0,118.0,100.56765550796389
0,117.0,100.58105836435543
0,116.0,100.64605999936823
0,115.0,100.70803415533109
0,114.0,100.68450715733837
0,113.0,100.62104239996275
0,112.0,100.59212347993949
0,111.0,100.59235551930865
0,110.0,100.5996135000091
0,109.0,100.59890915291042
0,108.0,100.59746516135664
0,107.0,100.61070660257556
0,106.0,100.6488809726008
0,105.0,100.63435350800948
0,104.0,100.56126871297394
0,103.0,100.52676986245424
0,102.0,100.55748179009109
0,101.0,100.62809888125433
0,100.0,100.70037059783141
0,99.0,100.72603583422702
0,98.0,100.67014425495465
0,97.0,100.59783362510746
0,96.0,100.57630678308435
0,95.0,100.58618757723431
0,94.0,100.61302602419951
0,93.0,100.62002186613628
0,92.0,100.63340804794214
0,91.0,100.6535794435367
0,90.0,100.64043181362094
0,89.0,100.60245472327443
0,88.0,100.572793053274
0,87.0,100.56503095279663
0,86.0,100.59124825073708
0,85.0,100.64320631425609
0,84.0,100.71461780473494
0,83.0,100.72229260656269
0,82.0,100.6445922958255
0,81.0,100.58619682154115
0,80.0,100.59066259645444
0,79.0,100.599778757383
0,78.0,100.61123371759592
0,77.0,100.64587908994547
0,76.0,100.6497243290639
0,75.0,100.60993867899319
0,74.0,100.59486600415322
0,73.0,100.61214561555828
0,72.0,100.61478529559616
0,71.0,100.6009826758537
0,70.0,100.59287164351908
0,69.0,100.61150802657744
0,68.0,100.67220854548788
0,67.0,100.72054895073377
0,66.0,100.73235088845053
0,65.0,100.67756705108711
0,64.0,100.63357764599624
0,63.0,100.63128643616572
0,62.0,100.61440858710213
0,61.0,100.5925415221036
0,60.0,100.59372821314143
0,59.0,100.63099299985944
0,58.0,100.65197807498778
0,57.0,100.67053153102326
0,56.0,100.72320920750192
0,55.0,100.74948698510754
0,54.0,100.69798249348129
0,53.0,100.63731082880487
0,52.0,100.6322121536354
0,51.0,100.70160431129733
0,50.0,100.73714240094834
0,49.0,100.69609336616443
0,48.0,100.64654771979946
0,47.0,100.60086909332776
0,46.0,100.56191050346531
0,45.0,100.56675245804918
0,44.0,100.6091499841535
0,43.0,100.67828048174127
0,42.0,100.7301933780907
0,41.0,100.70854301352126
0,40.0,100.67359077486942
0,39.0,100.65134730407968
0,38.0,100.62424062809934
0,37.0,100.58665162422886
0,36.0,100.58757416170788
0,35.0,100.59934029669317
0,34.0,100.58525162276439
0,33.0,100.57826860245552
0,32.0,100.60833189371834
0,31.0,100.6620250049508
0,30.0,100.67616852098787
0,29.0,100.63616501606982
0,28.0,100.58747855590282
0,27.0,100.55536937637177
0,26.0,100.5542159527694
0,25.0,100.61759942496012
0,24.0,100.68136363828623
0,23.0,100.6499393398462
0,22.0,100.61116195876373
0,21.0,100.64072341061059
0,20.0,100.69072483724278
0,19.0,100.63714547878496
0,18.0,100.58817512816475
0,17.0,100.5971498793267
0,16.0,100.61015590498145
0,15.0,100.61970223409558
0,14.0,100.63228479933723
0,13.0,100.62449752114422
0,12.0,100.60815255096782
0,11.0,100.5898107578497
0,10.0,100.62263413146752
0,9.0,100.6923933077969
0,8.0,100.71390611354298
0,7.0,100.72838794219277
0,6.0,100.74641644597446
0,5.0,100.68366253522045
0,4.0,100.62863034100353
0,3.0,100.65805205341829
0,2.0,100.7337613264288
0,1.0,100.78229495998255
0,0.0,100.78062797129311
